architecture,cosine_similarity,finite,group,layer,normalized_mse,optimal_scalar_rescaled_normalized_loss,pearson_correlation,power_ratio,raw_mse,reconstruction_mean,reconstruction_power,reconstruction_std,relative_improvement_over_zero,subset,target_power,zero_normalized_mse
per_layer_pca_480,0.8256834372878075,True,same_speaker_unseen_utterance_unseen_channel,0,0.317116666585207,0.3156832754611969,0.8256786167621613,0.6833722218871117,3.957012712955475,0.03923395648598671,8.583950698375702,2.929575204849243,0.682883333414793,subset_full,12.534753203392029,1.0
per_layer_pca_480,0.5547373741865158,True,same_speaker_unseen_utterance_unseen_channel,1,0.6840856447815895,0.6737167239189148,0.5547013804316521,0.31708728708326817,1.4712058156728745,0.0006570108816958964,0.7148879021406174,0.8455101847648621,0.3159143552184105,subset_full,2.1837127953767776,1.0
per_layer_pca_480,0.4848281592130661,True,same_speaker_unseen_utterance_unseen_channel,2,0.7622903063893318,0.7620258331298828,0.4847767800092697,0.2383463755249977,1.0151608884334564,0.0037757668178528547,0.31791575625538826,0.5638275742530823,0.23770969361066818,subset_full,1.3321861624717712,1.0
per_layer_pca_480,0.40776992216706276,True,same_speaker_unseen_utterance_unseen_channel,3,0.8326165080070496,0.8325517177581787,0.40770867466926575,0.1687971968203783,0.8568946123123169,-0.00010754972754511982,0.17374990321695805,0.41683319211006165,0.16738349199295044,subset_full,1.0292354598641396,1.0
per_layer_pca_480,0.3778926618397236,True,same_speaker_unseen_utterance_unseen_channel,4,0.8566567152738571,0.8568926453590393,0.37779778242111206,0.14464653097093105,0.6935806795954704,0.0009223212255164981,0.11687494162470102,0.34186851978302,0.14334328472614288,subset_full,0.8094110637903214,1.0
per_layer_pca_480,0.34509145095944405,True,same_speaker_unseen_utterance_unseen_channel,5,0.8806911706924438,0.8809612989425659,0.3450593091547489,0.12070911563932896,0.5963320061564445,-0.0007089185528457165,0.08151301089674234,0.28550395369529724,0.11930882930755615,subset_full,0.676907554268837,1.0
per_layer_pca_480,0.3427290990948677,True,same_speaker_unseen_utterance_unseen_channel,6,0.8821965381503105,0.8821049332618713,0.3426997773349285,0.11888199858367443,0.5083538591861725,-0.0004552006139419973,0.06855257507413626,0.2618250846862793,0.11780346184968948,subset_full,0.5762948170304298,1.0
per_layer_pca_480,0.3155847601592541,True,same_speaker_unseen_utterance_unseen_channel,7,0.9001667127013206,0.9004421234130859,0.3155633546411991,0.10184567514806986,0.4536530189216137,0.00033083147718571126,0.05114900553599,0.22616122663021088,0.09983328729867935,subset_full,0.5038060806691647,1.0
per_layer_pca_480,0.9152338653802872,True,seen_utterance_unseen_channel,0,0.1621195450425148,0.16143132746219635,0.9152191206812859,0.8372169584035873,1.9865194112062454,0.03197648376226425,10.311771869659424,3.2110354900360107,0.8378804549574852,subset_full,12.305654048919678,1.0
per_layer_pca_480,0.7652462869882584,True,seen_utterance_unseen_channel,1,0.41017094999551773,0.3915940523147583,0.7652381658554077,0.5897619687020779,0.8002563044428825,-0.0030822567641735077,1.2428897693753242,1.1148453950881958,0.5898290500044823,subset_full,2.0435864329338074,1.0
per_layer_pca_480,0.7720798924565315,True,seen_utterance_unseen_channel,2,0.40202364325523376,0.39087677001953125,0.7720718383789062,0.5983094498515129,0.5365545637905598,0.0038008764386177063,0.8364833295345306,0.9145866632461548,0.5979763567447662,subset_full,1.3726950734853745,1.0
per_layer_pca_480,0.7239857092499733,True,seen_utterance_unseen_channel,3,0.47086721286177635,0.45257046818733215,0.7239883318543434,0.529280036687851,0.4454331174492836,-0.0004890582640655339,0.5389000400900841,0.734097957611084,0.5291327871382236,subset_full,0.9842292293906212,1.0
per_layer_pca_480,0.723952405154705,True,seen_utterance_unseen_channel,4,0.47236502170562744,0.4582367539405823,0.7239608988165855,0.5272256545722485,0.36385224387049675,0.002077043056488037,0.4297945499420166,0.6555838584899902,0.5276349782943726,subset_full,0.7940265238285065,1.0
per_layer_pca_480,0.7176586389541626,True,seen_utterance_unseen_channel,5,0.4812217876315117,0.4688599407672882,0.7176465019583702,0.5190036259591579,0.32029975578188896,0.0014264486962929368,0.3629514295607805,0.60245281457901,0.5187782123684883,subset_full,0.6831459142267704,1.0
per_layer_pca_480,0.700233981013298,True,seen_utterance_unseen_channel,6,0.5041147395968437,0.49002406001091003,0.7002189978957176,0.49578404426574707,0.2793910317122936,0.0025414051488041878,0.29069555923342705,0.539155900478363,0.4958852604031563,subset_full,0.570157777518034,1.0
per_layer_pca_480,0.7035004869103432,True,seen_utterance_unseen_channel,7,0.5017340332269669,0.4923795461654663,0.7034977376461029,0.49848873540759087,0.24377774074673653,0.0025430703535676003,0.2514275424182415,0.5014190673828125,0.49826596677303314,subset_full,0.4951012209057808,1.0
per_layer_pca_480,0.7922843396663666,True,unseen_speaker_unseen_utterance_unseen_channel,0,0.3721190206706524,0.3717232048511505,0.7922317087650299,0.6288171038031578,4.606498956680298,0.04894416779279709,7.797248542308807,2.791926622390747,0.6278809793293476,subset_full,12.392269253730774,1.0
per_layer_pca_480,0.4952281378209591,True,unseen_speaker_unseen_utterance_unseen_channel,1,0.7505574598908424,0.7489902377128601,0.4951954074203968,0.2500879652798176,1.692360296845436,0.0030740881338715553,0.5687015727162361,0.7541167736053467,0.24944254010915756,subset_full,2.2595212757587433,1.0
per_layer_pca_480,0.4224116951227188,True,unseen_speaker_unseen_utterance_unseen_channel,2,0.8208243399858475,0.8204047679901123,0.42238805815577507,0.1805381290614605,1.2467257380485535,0.00205397536046803,0.27497489750385284,0.5243764519691467,0.17917566001415253,subset_full,1.5196428149938583,1.0
per_layer_pca_480,0.4010545313358307,True,unseen_speaker_unseen_utterance_unseen_channel,3,0.838781051337719,0.8396013975143433,0.4010472372174263,0.16305591724812984,0.9703157544136047,0.002041317755356431,0.18743226490914822,0.4329296350479126,0.16121894866228104,subset_full,1.1556793302297592,1.0
per_layer_pca_480,0.36815813556313515,True,unseen_speaker_unseen_utterance_unseen_channel,4,0.8639950379729271,0.8638148903846741,0.3681570179760456,0.1377092069014907,0.7610215991735458,0.001337460009381175,0.12146823760122061,0.3485203981399536,0.1360049620270729,subset_full,0.8809954449534416,1.0
per_layer_pca_480,0.3445798233151436,True,unseen_speaker_unseen_utterance_unseen_channel,5,0.880809836089611,0.8815237879753113,0.3445783518254757,0.12000688537955284,0.6679569259285927,0.0023083596024662256,0.09041734226047993,0.30068591237068176,0.11919016391038895,subset_full,0.7577285766601562,1.0
per_layer_pca_480,0.3303689733147621,True,unseen_speaker_unseen_utterance_unseen_channel,6,0.890742689371109,0.8907952904701233,0.3303455114364624,0.11111536342650652,0.5681655034422874,-9.797501843422651e-05,0.07082865200936794,0.26613649725914,0.10925731062889099,subset_full,0.6378127038478851,1.0
per_layer_pca_480,0.31770700961351395,True,unseen_speaker_unseen_utterance_unseen_channel,7,0.8985971957445145,0.8983971476554871,0.3177305869758129,0.1026376411318779,0.49211013689637184,0.0003506745269987732,0.056312930304557085,0.2373032122850418,0.10140280425548553,subset_full,0.5477624796330929,1.0
normalized_flat_mlp,0.4741946719586849,True,same_speaker_unseen_utterance_unseen_channel,0,0.7761591300368309,0.7753408551216125,0.47419413551688194,0.2572415079921484,9.732250571250916,0.041055258363485336,3.2201777398586273,1.7940157651901245,0.2238408699631691,subset_16,12.534753203392029,1.0
normalized_flat_mlp,0.02781883184798062,True,same_speaker_unseen_utterance_unseen_channel,1,1.013689085841179,0.9992314577102661,0.027814573142677546,0.022201812360435724,2.2128303200006485,0.00019136785704176873,0.04685131926089525,0.21645158529281616,-0.013689085841178894,subset_16,2.1837127953767776,1.0
normalized_flat_mlp,0.0194242792786099,True,same_speaker_unseen_utterance_unseen_channel,2,1.0152311325073242,0.9996304512023926,0.019379302219022065,0.020921697607263923,1.3523593544960022,0.00167983362916857,0.027537440648302436,0.16593559086322784,-0.015231132507324219,subset_16,1.3321861624717712,1.0
normalized_flat_mlp,0.010341306653572246,True,same_speaker_unseen_utterance_unseen_channel,3,1.0164012759923935,0.9998968243598938,0.010333866870496422,0.01931589120067656,1.0458897054195404,-0.0009849094785749912,0.019535411847755313,0.139765664935112,-0.016401275992393494,subset_16,1.0292354598641396,1.0
normalized_flat_mlp,0.015811219927854836,True,same_speaker_unseen_utterance_unseen_channel,4,1.0158988237380981,0.9997568130493164,0.015826809918507934,0.020390003686770797,0.82219098508358,0.0010680144187062979,0.016370723955333233,0.12794367969036102,-0.015898823738098145,subset_16,0.8094110637903214,1.0
normalized_flat_mlp,0.007455695216776803,True,same_speaker_unseen_utterance_unseen_channel,5,1.0176228135824203,0.9999450445175171,0.007459132117219269,0.019733253167942166,0.6887767985463142,-0.0006314218044281006,0.013276138692162931,0.11522040516138077,-0.01762281358242035,subset_16,0.676907554268837,1.0
normalized_flat_mlp,0.01147563976701349,True,same_speaker_unseen_utterance_unseen_channel,6,1.0160424411296844,0.999859631061554,0.01153800610336475,0.019144034245982766,0.585402362048626,0.002043388085439801,0.010993320029228926,0.10482912510633469,-0.016042441129684448,subset_16,0.5762948170304298,1.0
normalized_flat_mlp,0.01298877815133892,True,same_speaker_unseen_utterance_unseen_channel,7,1.0150270015001297,0.999832808971405,0.012985901674255729,0.018597519490867853,0.5113612003624439,0.000526601797901094,0.009328096872195601,0.0965806394815445,-0.0150270015001297,subset_16,0.5038060806691647,1.0
normalized_flat_mlp,0.5063558332622051,True,seen_utterance_unseen_channel,0,0.7433459833264351,0.7445811629295349,0.5063038542866707,0.26333064027130604,9.163053393363953,0.040854230523109436,3.222503215074539,1.7946683168411255,0.2566540166735649,subset_16,12.305654048919678,1.0
normalized_flat_mlp,0.13968699891120195,True,seen_utterance_unseen_channel,1,0.9810498580336571,0.9803221821784973,0.13969921972602606,0.0243333310354501,2.003716304898262,0.00043184339301660657,0.04798523895442486,0.2190549075603485,0.018950141966342926,subset_16,2.0435864329338074,1.0
normalized_flat_mlp,0.12038352247327566,True,seen_utterance_unseen_channel,2,0.9865552112460136,0.9851666688919067,0.12038421630859375,0.02138101146556437,1.3529815822839737,0.001905975048430264,0.028276684461161494,0.16814592480659485,0.013444788753986359,subset_16,1.3726950734853745,1.0
normalized_flat_mlp,0.1104873763397336,True,seen_utterance_unseen_channel,3,0.9893647059798241,0.9872288703918457,0.11048594862222672,0.020939435809850693,0.972540482878685,-0.0005072820349596441,0.020105971954762936,0.14179463684558868,0.010635294020175934,subset_16,0.9842292293906212,1.0
normalized_flat_mlp,0.1169420825317502,True,seen_utterance_unseen_channel,4,0.9874484613537788,0.9859411120414734,0.11694563645869493,0.021585634211078286,0.7834260985255241,0.0012097196886315942,0.016738205566070974,0.1293705552816391,0.012551538646221161,subset_16,0.7940265238285065,1.0
normalized_flat_mlp,0.11443316843360662,True,seen_utterance_unseen_channel,5,0.9877568930387497,0.9867250323295593,0.11443414073437452,0.020244492683559656,0.6745421849191189,-0.0007652066415175796,0.01364148547872901,0.11679425835609436,0.012243106961250305,subset_16,0.6831459142267704,1.0
normalized_flat_mlp,0.11409699264913797,True,seen_utterance_unseen_channel,6,0.9879203662276268,0.9864768385887146,0.1140842717140913,0.020010124891996384,0.5627824515104294,0.0018366373842582107,0.011259654886089265,0.10609562695026398,0.0120796337723732,subset_16,0.570157777518034,1.0
normalized_flat_mlp,0.11352969612926245,True,seen_utterance_unseen_channel,7,0.9878320693969727,0.9868125319480896,0.11351424641907215,0.019542852183803916,0.48886876180768013,0.0005710484110750258,0.009609370375983417,0.09802573174238205,0.012167930603027344,subset_16,0.4951012209057808,1.0
normalized_flat_mlp,0.48311610892415047,True,unseen_speaker_unseen_utterance_unseen_channel,0,0.767203688621521,0.7668363451957703,0.4829695299267769,0.2601102963089943,9.511809229850769,0.04132870212197304,3.2203076779842377,1.7940455675125122,0.232796311378479,subset_16,12.392269253730774,1.0
normalized_flat_mlp,0.022894186608027667,True,unseen_speaker_unseen_utterance_unseen_channel,1,1.0139061957597733,0.9994749426841736,0.02288545435294509,0.020428284537047148,2.2907660007476807,0.0003204718232154846,0.046023869421333075,0.21453149616718292,-0.013906195759773254,subset_16,2.2595212757587433,1.0
normalized_flat_mlp,0.008052102915826254,True,unseen_speaker_unseen_utterance_unseen_channel,2,1.0157294869422913,0.9999345541000366,0.008011266894754954,0.017869391478598118,1.5434491783380508,0.0016522580990567803,0.027090313844382763,0.16458305716514587,-0.01572948694229126,subset_16,1.5196428149938583,1.0
normalized_flat_mlp,0.013481449335813522,True,unseen_speaker_unseen_utterance_unseen_channel,3,1.0133423656225204,0.9998226761817932,0.013514655758626759,0.016850186279043555,1.1709903702139854,-0.0009800281841307878,0.019287245580926538,0.1388750672340393,-0.013342365622520447,subset_16,1.1556793302297592,1.0
normalized_flat_mlp,0.013565213201218285,True,unseen_speaker_unseen_utterance_unseen_channel,4,1.0146825015544891,0.9998164772987366,0.013546199159463868,0.01832975121214986,0.8938558101654053,0.0011053497437387705,0.016085794079117477,0.1268249750137329,-0.014682501554489136,subset_16,0.8809954449534416,1.0
normalized_flat_mlp,0.011100556104793213,True,unseen_speaker_unseen_utterance_unseen_channel,5,1.0142869353294373,0.9998787641525269,0.011102804797701538,0.017285463400185108,0.7685703635215759,-0.0006695899064652622,0.013029501307755709,0.11414487659931183,-0.014286935329437256,subset_16,0.7577285766601562,1.0
normalized_flat_mlp,0.009563814732246101,True,unseen_speaker_unseen_utterance_unseen_channel,6,1.0144783407449722,0.9999085068702698,0.009556203815009212,0.016977344872429967,0.6470264941453934,0.0020124842412769794,0.010800835792906582,0.10390758514404297,-0.014478340744972229,subset_16,0.6378127038478851,1.0
normalized_flat_mlp,0.007279924349859357,True,unseen_speaker_unseen_utterance_unseen_channel,7,1.0149272233247757,0.9999479055404663,0.007306655024876818,0.016837086994200945,0.5559214651584625,0.0005788008566014469,0.009182532667182386,0.09582378715276718,-0.014927223324775696,subset_16,0.5477624796330929,1.0
conv_conformer_v1,0.5944696590304375,True,same_speaker_unseen_utterance_unseen_channel,0,0.6472353115677834,0.6466597318649292,0.5944768860936165,0.3805520609021187,8.112056374549866,0.042345769703388214,4.770408511161804,2.1837158203125,0.35276468843221664,subset_16,12.534753203392029,1.0
conv_conformer_v1,0.3872619532048702,True,same_speaker_unseen_utterance_unseen_channel,1,0.8538070842623711,0.8429238796234131,0.3872964419424534,0.20452744513750076,1.8469823449850082,0.0012817149981856346,0.44210129976272583,0.6649057865142822,0.14619291573762894,subset_16,2.1837127953767776,1.0
conv_conformer_v1,0.32007234916090965,True,same_speaker_unseen_utterance_unseen_channel,2,0.9096062183380127,0.8953154683113098,0.32002904638648033,0.19044296815991402,1.2093949764966965,0.003559462958946824,0.2525537498295307,0.5025346279144287,0.0903937816619873,subset_16,1.3321861624717712,1.0
conv_conformer_v1,0.2385474219918251,True,same_speaker_unseen_utterance_unseen_channel,3,0.9667757153511047,0.9435686469078064,0.23855276219546795,0.15281109511852264,0.9939700663089752,4.456490387383383e-06,0.1537024797871709,0.39204907417297363,0.033224284648895264,subset_16,1.0292354598641396,1.0
conv_conformer_v1,0.2000048402696848,True,same_speaker_unseen_utterance_unseen_channel,4,0.9808716103434563,0.9593896269798279,0.1999801304191351,0.11994282249361277,0.7934767380356789,0.002569933421909809,0.0969958221539855,0.3114309310913086,0.01912838965654373,subset_16,0.8094110637903214,1.0
conv_conformer_v1,0.173085056245327,True,same_speaker_unseen_utterance_unseen_channel,5,0.9947763904929161,0.9695676565170288,0.1730561014264822,0.10958306584507227,0.6727925315499306,0.0008167946361936629,0.07394030038267374,0.2719184458255768,0.005223609507083893,subset_16,0.676907554268837,1.0
conv_conformer_v1,0.17857740260660648,True,same_speaker_unseen_utterance_unseen_channel,6,0.9831398352980614,0.9677793979644775,0.1785319484770298,0.09246635250747204,0.5665334425866604,-0.00011879324301844463,0.05295207304880023,0.23011314868927002,0.01686016470193863,subset_16,0.5762948170304298,1.0
conv_conformer_v1,0.14787200558930635,True,same_speaker_unseen_utterance_unseen_channel,7,0.9945977926254272,0.9771063923835754,0.1478625861927867,0.0827406388707459,0.5014404058456421,0.001925026997923851,0.04126882995478809,0.20313820242881775,0.005402207374572754,subset_16,0.5038060806691647,1.0
conv_conformer_v1,0.6364605128765106,True,seen_utterance_unseen_channel,0,0.5915872305631638,0.5938294529914856,0.636412687599659,0.3617948368191719,7.325775384902954,0.04146433249115944,4.411376982927322,2.0999183654785156,0.40841276943683624,subset_16,12.305654048919678,1.0
conv_conformer_v1,0.44136764854192734,True,seen_utterance_unseen_channel,1,0.8028455078601837,0.8029373288154602,0.4413781091570854,0.18111448734998703,1.6418912410736084,-0.00147208571434021,0.3632128871977329,0.6026696562767029,0.19715449213981628,subset_16,2.0435864329338074,1.0
conv_conformer_v1,0.43924709036946297,True,seen_utterance_unseen_channel,2,0.8049385771155357,0.8123395442962646,0.43918943405151367,0.1846640147268772,1.1153400093317032,0.0031133112497627735,0.2419397570192814,0.491863876581192,0.19506142288446426,subset_16,1.3726950734853745,1.0
conv_conformer_v1,0.38206977769732475,True,seen_utterance_unseen_channel,3,0.8533268645405769,0.8519240021705627,0.38206594064831734,0.13709578476846218,0.8386618867516518,-0.00035905285039916635,0.1358618838712573,0.36859428882598877,0.14667313545942307,subset_16,0.9842292293906212,1.0
conv_conformer_v1,0.37868496775627136,True,seen_utterance_unseen_channel,4,0.8499877452850342,0.8579897284507751,0.3786826692521572,0.15616696327924728,0.6812792494893074,0.001315311761572957,0.11515864357352257,0.339347779750824,0.15001225471496582,subset_16,0.7940265238285065,1.0
conv_conformer_v1,0.3512406162917614,True,seen_utterance_unseen_channel,5,0.8756186962127686,0.8788232803344727,0.3512381911277771,0.11866784747689962,0.6004095710813999,0.0008720133337192237,0.07896517403423786,0.2810060679912567,0.12438130378723145,subset_16,0.6831459142267704,1.0
conv_conformer_v1,0.3208371549844742,True,seen_utterance_unseen_channel,6,0.8963775932788849,0.897106409072876,0.32080382853746414,0.10398428048938513,0.5114924423396587,0.002470697509124875,0.05888380343094468,0.24264726042747498,0.10362240672111511,subset_16,0.570157777518034,1.0
conv_conformer_v1,0.30491724237799644,True,seen_utterance_unseen_channel,7,0.899491049349308,0.9017099738121033,0.3048674501478672,0.10190819948911667,0.4464397132396698,0.001317263813689351,0.049285202054306865,0.22199881076812744,0.10050895065069199,subset_16,0.4951012209057808,1.0
conv_conformer_v1,0.5856122374534607,True,unseen_speaker_unseen_utterance_unseen_channel,0,0.6577067822217941,0.6578971147537231,0.5854994207620621,0.3522959165275097,8.153692543506622,0.046391382813453674,4.360546439886093,2.087676763534546,0.34229321777820587,subset_16,12.392269253730774,1.0
conv_conformer_v1,0.32812597043812275,True,unseen_speaker_unseen_utterance_unseen_channel,1,0.9030375704169273,0.8912410140037537,0.32809280045330524,0.18807170167565346,2.038151189684868,0.0026518474332988262,0.4248998947441578,0.6518380641937256,0.09696242958307266,subset_16,2.2595212757587433,1.0
conv_conformer_v1,0.268221789970994,True,unseen_speaker_unseen_utterance_unseen_channel,2,0.9455996081233025,0.9275426864624023,0.26821439154446125,0.16185821779072285,1.4363096356391907,0.00010335873230360448,0.24548278376460075,0.49546220898628235,0.05440039187669754,subset_16,1.5196428149938583,1.0
conv_conformer_v1,0.23687220364809036,True,unseen_speaker_unseen_utterance_unseen_channel,3,0.9555756896734238,0.9443608522415161,0.2368693370372057,0.11864408664405346,1.104735478758812,-0.0013139952206984162,0.13627189304679632,0.3691478967666626,0.04442431032657623,subset_16,1.1556793302297592,1.0
conv_conformer_v1,0.19000204280018806,True,unseen_speaker_unseen_utterance_unseen_channel,4,0.9838158711791039,0.9637331366539001,0.19000168330967426,0.1099211573600769,0.8665457665920258,0.003049480961635709,0.09674629010260105,0.3110257089138031,0.01618412882089615,subset_16,0.8809954449534416,1.0
conv_conformer_v1,0.1853889562189579,True,unseen_speaker_unseen_utterance_unseen_channel,5,0.9853073135018349,0.9657436013221741,0.18540120497345924,0.10555738396942616,0.7463399097323418,0.0006951997056603432,0.07941742055118084,0.28181013464927673,0.01469268649816513,subset_16,0.7577285766601562,1.0
conv_conformer_v1,0.1679493449628353,True,unseen_speaker_unseen_utterance_unseen_channel,6,0.9904257208108902,0.9719973206520081,0.1679028905928135,0.0917578348889947,0.6316001936793327,0.0018170183757320046,0.05835552094504237,0.24156203866004944,0.009574279189109802,subset_16,0.6378127038478851,1.0
conv_conformer_v1,0.13233572896569967,True,unseen_speaker_unseen_utterance_unseen_channel,7,1.0014517307281494,0.982431173324585,0.13241298962384462,0.07249988242983818,0.5483274981379509,0.003415225073695183,0.039616036461666226,0.19900847971439362,-0.001451730728149414,subset_16,0.5477624796330929,1.0
conv_conformer_v1,0.7421102821826935,True,same_speaker_unseen_utterance_unseen_channel,0,0.4496324770152569,0.4479578733444214,0.742115743458271,0.5935499891638756,5.624454975128174,0.04360313341021538,7.439560949802399,2.7272074222564697,0.5503675229847431,subset_64,12.534753203392029,1.0
conv_conformer_v1,0.5715449452400208,True,same_speaker_unseen_utterance_unseen_channel,1,0.6642856150865555,0.6491707563400269,0.5715249441564083,0.36337609589099884,1.4186484962701797,-0.0031590221915394068,0.8237702995538712,0.9076124429702759,0.3357143849134445,subset_64,2.1837127953767776,1.0
conv_conformer_v1,0.5217459946870804,True,same_speaker_unseen_utterance_unseen_channel,2,0.7255014106631279,0.7219969630241394,0.5217125378549099,0.2977149561047554,0.9623465016484261,0.004435116425156593,0.39840950071811676,0.6311812996864319,0.2744985893368721,subset_64,1.3321861624717712,1.0
conv_conformer_v1,0.4594850204885006,True,same_speaker_unseen_utterance_unseen_channel,3,0.7878967970609665,0.7875720262527466,0.4594801478087902,0.2332708202302456,0.8110080733895302,-0.0004028486437164247,0.23800796829164028,0.48786044120788574,0.2121032029390335,subset_64,1.0292354598641396,1.0
conv_conformer_v1,0.4144679941236973,True,same_speaker_unseen_utterance_unseen_channel,4,0.8292353600263596,0.8281903862953186,0.41441530734300613,0.20089660584926605,0.6713244542479515,0.0015552830882370472,0.16336806025356054,0.4041851758956909,0.17076463997364044,subset_64,0.8094110637903214,1.0
conv_conformer_v1,0.368771567940712,True,same_speaker_unseen_utterance_unseen_channel,5,0.8663856834173203,0.8647897243499756,0.3687802739441395,0.16984722390770912,0.5866730399429798,-0.0006447912892326713,0.11455002147704363,0.3384517729282379,0.13361431658267975,subset_64,0.676907554268837,1.0
conv_conformer_v1,0.3880360722541809,True,same_speaker_unseen_utterance_unseen_channel,6,0.8493550568819046,0.8487192392349243,0.38799506798386574,0.17111535370349884,0.489458080381155,-0.0009224223904311657,0.09850489906966686,0.31385353207588196,0.1506449431180954,subset_64,0.5762948170304298,1.0
conv_conformer_v1,0.34265314042568207,True,same_speaker_unseen_utterance_unseen_channel,7,0.8847057595849037,0.8828542828559875,0.34262393042445183,0.15485340729355812,0.4460587091743946,0.001771437586285174,0.07761495932936668,0.2785889804363251,0.11529424041509628,subset_64,0.5038060806691647,1.0
conv_conformer_v1,0.7595382332801819,True,seen_utterance_unseen_channel,0,0.41914756782352924,0.42107176780700684,0.7594872564077377,0.5680607929825783,5.182429373264313,0.03257160261273384,6.967882573604584,2.6394736766815186,0.5808524321764708,subset_64,12.305654048919678,1.0
conv_conformer_v1,0.5427221693098545,True,seen_utterance_unseen_channel,1,0.6996187940239906,0.694220781326294,0.5427266210317612,0.3033886570483446,1.4187002182006836,-0.0008357645128853619,0.6254825703799725,0.7908741235733032,0.30038120597600937,subset_64,2.0435864329338074,1.0
conv_conformer_v1,0.5481548756361008,True,seen_utterance_unseen_channel,2,0.6957816705107689,0.7056712508201599,0.548119742423296,0.29305210523307323,0.9688479006290436,0.0022704077418893576,0.38731273636221886,0.6223404407501221,0.3042183294892311,subset_64,1.3726950734853745,1.0
conv_conformer_v1,0.5029999017715454,True,seen_utterance_unseen_channel,3,0.746325396001339,0.7447309494018555,0.5030045919120312,0.2362799011170864,0.7333144545555115,0.0007765016052871943,0.23340110667049885,0.48311543464660645,0.25367460399866104,subset_64,0.9842292293906212,1.0
conv_conformer_v1,0.48646822944283485,True,seen_utterance_unseen_channel,4,0.7599282637238503,0.7667077779769897,0.48648400604724884,0.22791516035795212,0.6089336313307285,0.0007685358868911862,0.17494023405015469,0.41825786232948303,0.24007173627614975,subset_64,0.7940265238285065,1.0
conv_conformer_v1,0.45243003219366074,True,seen_utterance_unseen_channel,5,0.794596940279007,0.7975375652313232,0.4524126797914505,0.19076253473758698,0.5450393967330456,1.367986169498181e-05,0.12786866445094347,0.3575872778892517,0.20540305972099304,subset_64,0.6831459142267704,1.0
conv_conformer_v1,0.4325808882713318,True,seen_utterance_unseen_channel,6,0.8113842979073524,0.8114379644393921,0.43254049867391586,0.1809553001075983,0.46269963309168816,0.001240464742295444,0.10283587127923965,0.32067790627479553,0.18861570209264755,subset_64,0.570157777518034,1.0
conv_conformer_v1,0.42152997106313705,True,seen_utterance_unseen_channel,7,0.8206449002027512,0.8221938610076904,0.4215191751718521,0.16420979425311089,0.40723274275660515,0.0010526712285354733,0.0806063418276608,0.2839106023311615,0.17935509979724884,subset_64,0.4951012209057808,1.0
conv_conformer_v1,0.707319363951683,True,unseen_speaker_unseen_utterance_unseen_channel,0,0.5007941722869873,0.49988648295402527,0.707244299352169,0.5438725352287292,6.205983340740204,0.05198923125863075,6.737021207809448,2.5950562953948975,0.4992058277130127,subset_64,12.392269253730774,1.0
conv_conformer_v1,0.5179842114448547,True,unseen_speaker_unseen_utterance_unseen_channel,1,0.7290326878428459,0.7243590354919434,0.5179537795484066,0.3277094140648842,1.6419178545475006,0.004564191680401564,0.7419946119189262,0.8613790273666382,0.2709673121571541,subset_64,2.2595212757587433,1.0
conv_conformer_v1,0.4693753868341446,True,unseen_speaker_unseen_utterance_unseen_channel,2,0.7816516682505608,0.7794948220252991,0.46936657652258873,0.26076217740774155,1.1870871931314468,0.002398045966401696,0.39589958637952805,0.6292009949684143,0.21834833174943924,subset_64,1.5196428149938583,1.0
conv_conformer_v1,0.4416014552116394,True,unseen_speaker_unseen_utterance_unseen_channel,3,0.8057277724146843,0.8056608438491821,0.441598754376173,0.2311827428638935,0.9326951056718826,0.001095624640583992,0.26422911137342453,0.5140310525894165,0.1942722275853157,subset_64,1.1556793302297592,1.0
conv_conformer_v1,0.41783521696925163,True,unseen_speaker_unseen_utterance_unseen_channel,4,0.8258670419454575,0.8252080082893372,0.4178461879491806,0.19266384653747082,0.7273986116051674,0.0006075192359276116,0.16996690444648266,0.4122699499130249,0.17413295805454254,subset_64,0.8809954449534416,1.0
conv_conformer_v1,0.3804987445473671,True,unseen_speaker_unseen_utterance_unseen_channel,5,0.855922631919384,0.8556432723999023,0.38050606846809387,0.17273671366274357,0.6492435038089752,0.0007746705086901784,0.13010491617023945,0.36069977283477783,0.144077368080616,subset_64,0.7577285766601562,1.0
conv_conformer_v1,0.3690168187022209,True,unseen_speaker_unseen_utterance_unseen_channel,6,0.8648603111505508,0.8635229468345642,0.36898450180888176,0.1615481860935688,0.5514414459466934,-0.00045416835928335786,0.10305905342102051,0.32102781534194946,0.13513968884944916,subset_64,0.6378127038478851,1.0
conv_conformer_v1,0.3316270150244236,True,unseen_speaker_unseen_utterance_unseen_channel,7,0.8910145908594131,0.8890358209609985,0.33163635060191154,0.14255475718528032,0.4880671612918377,0.0011002043029293418,0.07812351128086448,0.2795036733150482,0.10898540914058685,subset_64,0.5477624796330929,1.0
conv_conformer_v1,0.8615244925022125,True,same_speaker_unseen_utterance_unseen_channel,0,0.25779619812965393,0.25619927048683167,0.8615182340145111,0.7842470854520798,3.218277633190155,0.03612460196018219,9.836890697479248,3.136173725128174,0.7422038018703461,subset_256,12.534753203392029,1.0
conv_conformer_v1,0.6579988189041615,True,same_speaker_unseen_utterance_unseen_channel,1,0.5593502186238766,0.5466248989105225,0.657986506819725,0.4540368281304836,1.1939172595739365,0.002434805501252413,1.0214577838778496,1.0106689929962158,0.44064978137612343,subset_256,2.1837127953767776,1.0
conv_conformer_v1,0.5796204283833504,True,same_speaker_unseen_utterance_unseen_channel,2,0.6603958532214165,0.6576160788536072,0.5795858949422836,0.3465619347989559,0.8761107325553894,0.004030341748148203,0.46509574353694916,0.6819674372673035,0.3396041467785835,subset_256,1.3321861624717712,1.0
conv_conformer_v1,0.5123305097222328,True,same_speaker_unseen_utterance_unseen_channel,3,0.736415408551693,0.7358219027519226,0.512319166213274,0.2861991208046675,0.75773636251688,0.00331670930609107,0.2932219076901674,0.5414895415306091,0.26358459144830704,subset_256,1.0292354598641396,1.0
conv_conformer_v1,0.46181368455290794,True,same_speaker_unseen_utterance_unseen_channel,4,0.786846324801445,0.786336362361908,0.46178923547267914,0.24579593911767006,0.6373338103294373,0.0019917150493711233,0.19826137833297253,0.4452610909938812,0.213153675198555,subset_256,0.8094110637903214,1.0
conv_conformer_v1,0.42896485328674316,True,same_speaker_unseen_utterance_unseen_channel,5,0.8184792771935463,0.8164722323417664,0.42893174290657043,0.23142347857356071,0.5544542707502842,0.001834912458434701,0.15573413111269474,0.3946273922920227,0.1815207228064537,subset_256,0.676907554268837,1.0
conv_conformer_v1,0.4331979937851429,True,same_speaker_unseen_utterance_unseen_channel,6,0.8119235783815384,0.8115219473838806,0.43317369744181633,0.20856354758143425,0.4679664224386215,-0.0010122236562892795,0.1201435225084424,0.3466157913208008,0.1880764216184616,subset_256,0.5762948170304298,1.0
conv_conformer_v1,0.3970872648060322,True,same_speaker_unseen_utterance_unseen_channel,7,0.8425005972385406,0.8423862457275391,0.3970956727862358,0.18802898190915585,0.4250245951116085,0.00131693494040519,0.09412502031773329,0.306795209646225,0.15749940276145935,subset_256,0.5038060806691647,1.0
conv_conformer_v1,0.8683564588427544,True,seen_utterance_unseen_channel,0,0.24443680979311466,0.24460530281066895,0.8683283403515816,0.767816424369812,3.010559067130089,0.03141355887055397,9.436688661575317,3.07175874710083,0.7555631902068853,subset_256,12.305654048919678,1.0
conv_conformer_v1,0.6243758052587509,True,seen_utterance_unseen_channel,1,0.6051114238798618,0.5981712341308594,0.6243610680103302,0.39817074686288834,1.2224146947264671,-0.0026945711579173803,0.8216709531843662,0.906456708908081,0.39488857612013817,subset_256,2.0435864329338074,1.0
conv_conformer_v1,0.6076983399689198,True,seen_utterance_unseen_channel,2,0.627039298415184,0.6345175504684448,0.6076776199042797,0.364326823502779,0.8710827901959419,0.0012579439207911491,0.4888145923614502,0.6991516351699829,0.372960701584816,subset_256,1.3726950734853745,1.0
conv_conformer_v1,0.5353097021579742,True,seen_utterance_unseen_channel,3,0.7124775648117065,0.7101766467094421,0.535329345613718,0.28380382992327213,0.6989993900060654,0.0031342441216111183,0.28017597645521164,0.5293072462081909,0.28752243518829346,subset_256,0.9842292293906212,1.0
conv_conformer_v1,0.5141952820122242,True,seen_utterance_unseen_channel,4,0.7320857644081116,0.738337516784668,0.5141951031982899,0.2504341136664152,0.5864432938396931,0.0014343097573146224,0.195595171302557,0.44225913286209106,0.2679142355918884,subset_256,0.7940265238285065,1.0
conv_conformer_v1,0.4864981807768345,True,seen_utterance_unseen_channel,5,0.7614902779459953,0.7651511430740356,0.486494991928339,0.24092668667435646,0.5227126888930798,0.0019369882065802813,0.16178482957184315,0.4022201597690582,0.23850972205400467,subset_256,0.6831459142267704,1.0
conv_conformer_v1,0.470505528151989,True,seen_utterance_unseen_channel,6,0.7773639485239983,0.7776255011558533,0.47047534584999084,0.219429649412632,0.44338054209947586,0.001781004131771624,0.12440508976578712,0.35270655155181885,0.22263605147600174,subset_256,0.570157777518034,1.0
conv_conformer_v1,0.47172263637185097,True,seen_utterance_unseen_channel,7,0.7732822522521019,0.7756428718566895,0.47170788794755936,0.21528993360698223,0.38409358635544777,0.0011490915203467011,0.10550037678331137,0.32480618357658386,0.2267177477478981,subset_256,0.4951012209057808,1.0
conv_conformer_v1,0.8370290324091911,True,unseen_speaker_unseen_utterance_unseen_channel,0,0.2998916357755661,0.2990433871746063,0.8369923084974289,0.7400000989437103,3.7123667299747467,0.04921606555581093,9.169695973396301,3.0277504920959473,0.7001083642244339,subset_256,12.392269253730774,1.0
conv_conformer_v1,0.603691041469574,True,unseen_speaker_unseen_utterance_unseen_channel,1,0.6310266852378845,0.6277069449424744,0.6036707833409309,0.40337222442030907,1.4197751730680466,0.0039503793232142925,0.9127025678753853,0.9553465247154236,0.3689733147621155,subset_256,2.2595212757587433,1.0
conv_conformer_v1,0.5197571739554405,True,unseen_speaker_unseen_utterance_unseen_channel,2,0.7305182367563248,0.7285296320915222,0.5197657123208046,0.310356792062521,1.1091090887784958,0.0010762708261609077,0.47205573320388794,0.6870622038841248,0.26948176324367523,subset_256,1.5196428149938583,1.0
conv_conformer_v1,0.48004019260406494,True,unseen_speaker_unseen_utterance_unseen_channel,3,0.7700884789228439,0.7694873809814453,0.48004773259162903,0.27392086014151573,0.8912362977862358,0.004100963938981295,0.3140042833983898,0.5603458881378174,0.22991152107715607,subset_256,1.1556793302297592,1.0
conv_conformer_v1,0.46197935193777084,True,unseen_speaker_unseen_utterance_unseen_channel,4,0.786357618868351,0.7849518060684204,0.46198974922299385,0.24276872724294662,0.6922978833317757,0.0015204837545752525,0.21419643983244896,0.462811142206192,0.21364238113164902,subset_256,0.8809954449534416,1.0
conv_conformer_v1,0.42085300758481026,True,unseen_speaker_unseen_utterance_unseen_channel,5,0.8225260972976685,0.8227975964546204,0.4208642914891243,0.20291097089648247,0.6240677013993263,0.0011149895144626498,0.15298943873494864,0.3911370635032654,0.17747390270233154,subset_256,0.7577285766601562,1.0
conv_conformer_v1,0.4078034795820713,True,unseen_speaker_unseen_utterance_unseen_channel,6,0.8343251720070839,0.8327248096466064,0.40778856724500656,0.1964082382619381,0.5318730473518372,-0.0003044069744646549,0.12533811945468187,0.35403111577033997,0.1656748279929161,subset_256,0.6378127038478851,1.0
conv_conformer_v1,0.3842399939894676,True,unseen_speaker_unseen_utterance_unseen_channel,7,0.8519475311040878,0.8507556915283203,0.38424017652869225,0.18138989713042974,0.46685101091861725,0.0006749773165211082,0.09915259946137667,0.31488433480262756,0.14805246889591217,subset_256,0.5477624796330929,1.0
conv_conformer_v1,0.9409243687987328,True,same_speaker_unseen_utterance_unseen_channel,0,0.11456290259957314,0.11404656618833542,0.9409202635288239,0.8917451947927475,1.4296858459711075,0.029958119615912437,11.184277296066284,3.34415602684021,0.8854370974004269,subset_full,12.534753203392029,1.0
conv_conformer_v1,0.796311154961586,True,same_speaker_unseen_utterance_unseen_channel,1,0.36268422193825245,0.35530343651771545,0.7962939441204071,0.647536862641573,0.7759912982583046,-0.0006514191627502441,1.4328943639993668,1.197035551071167,0.6373157780617476,subset_full,2.1837127953767776,1.0
conv_conformer_v1,0.7314962893724442,True,same_speaker_unseen_utterance_unseen_channel,2,0.4637463390827179,0.4647621214389801,0.7314699441194534,0.5500330924987793,0.6192898750305176,0.006159490905702114,0.733174130320549,0.8562337756156921,0.5362536609172821,subset_full,1.3321861624717712,1.0
conv_conformer_v1,0.6814664304256439,True,same_speaker_unseen_utterance_unseen_channel,3,0.534308172762394,0.5375562310218811,0.6814399287104607,0.46678149327635765,0.5532764866948128,-0.0006027101771906018,0.4789196439087391,0.692039966583252,0.46569182723760605,subset_full,1.0292354598641396,1.0
conv_conformer_v1,0.671636201441288,True,same_speaker_unseen_utterance_unseen_channel,4,0.5480110570788383,0.5516517162322998,0.6715943515300751,0.4685993231832981,0.44666527211666107,0.0004830127872992307,0.37791844829916954,0.6147505640983582,0.45198894292116165,subset_full,0.8094110637903214,1.0
conv_conformer_v1,0.6458505988121033,True,same_speaker_unseen_utterance_unseen_channel,5,0.5821024179458618,0.5838609337806702,0.6458190903067589,0.4209929183125496,0.3952244035899639,0.00015185147640295327,0.2839503400027752,0.5328698754310608,0.4178975820541382,subset_full,0.676907554268837,1.0
conv_conformer_v1,0.6530799567699432,True,same_speaker_unseen_utterance_unseen_channel,6,0.5731639415025711,0.5735875964164734,0.6530582159757614,0.4505671598017216,0.33075152710080147,-0.0013834863202646375,0.259813642129302,0.5097173452377319,0.4268360584974289,subset_full,0.5762948170304298,1.0
conv_conformer_v1,0.6288462281227112,True,same_speaker_unseen_utterance_unseen_channel,7,0.603817842900753,0.606071412563324,0.6288362666964531,0.4113267622888088,0.30541778542101383,0.0010147016728296876,0.2062736265361309,0.45417243242263794,0.396182157099247,subset_full,0.5038060806691647,1.0
conv_conformer_v1,0.9419716596603394,True,seen_utterance_unseen_channel,0,0.11237816512584686,0.11172252148389816,0.9419604390859604,0.8893745690584183,1.3748221956193447,0.03375418484210968,10.94304096698761,3.307854652404785,0.8876218348741531,subset_full,12.305654048919678,1.0
conv_conformer_v1,0.7884459719061852,True,seen_utterance_unseen_channel,1,0.37647048383951187,0.38433802127838135,0.7884355634450912,0.615191612392664,0.7854975126683712,-0.0025291473139077425,1.239529937505722,1.1133389472961426,0.6235295161604881,subset_full,2.0435864329338074,1.0
conv_conformer_v1,0.7595404759049416,True,seen_utterance_unseen_channel,2,0.4206251762807369,0.437552809715271,0.7595298513770103,0.5432403422892094,0.6013578921556473,0.0033609457314014435,0.725275807082653,0.8516246676445007,0.5793748237192631,subset_full,1.3726950734853745,1.0
conv_conformer_v1,0.7207122072577477,True,seen_utterance_unseen_channel,3,0.4797905273735523,0.48356449604034424,0.7207150310277939,0.4990018233656883,0.47616588324308395,0.0008408073917962611,0.48700761049985886,0.6978588700294495,0.5202094726264477,subset_full,0.9842292293906212,1.0
conv_conformer_v1,0.6990453600883484,True,seen_utterance_unseen_channel,4,0.5091862790286541,0.5184127688407898,0.6990360468626022,0.46963266655802727,0.41177942231297493,0.0016855777939781547,0.3676005229353905,0.6062983274459839,0.4908137209713459,subset_full,0.7940265238285065,1.0
conv_conformer_v1,0.6962954327464104,True,seen_utterance_unseen_channel,5,0.513909101486206,0.5173224210739136,0.6962816789746284,0.4603140950202942,0.35364698991179466,0.00070651137502864,0.31217605620622635,0.5587267279624939,0.48609089851379395,subset_full,0.6831459142267704,1.0
conv_conformer_v1,0.6847527325153351,True,seen_utterance_unseen_channel,6,0.5306707210838795,0.5333935618400574,0.6847398206591606,0.45027774199843407,0.3042514268308878,0.0026629630010575056,0.25427746400237083,0.5042523145675659,0.46932927891612053,subset_full,0.570157777518034,1.0
conv_conformer_v1,0.686350055038929,True,seen_utterance_unseen_channel,7,0.5278963074088097,0.5310267210006714,0.6863365024328232,0.4415731839835644,0.26315811090171337,0.002367050386965275,0.2173152957111597,0.4661649167537689,0.47210369259119034,subset_full,0.4951012209057808,1.0
conv_conformer_v1,0.9306318983435631,True,unseen_speaker_unseen_utterance_unseen_channel,0,0.13387940637767315,0.1335139274597168,0.9306153059005737,0.872910737991333,1.6546955108642578,0.05591466277837753,10.819461464881897,3.2888197898864746,0.8661205936223269,subset_full,12.392269253730774,1.0
conv_conformer_v1,0.7623957097530365,True,unseen_speaker_unseen_utterance_unseen_channel,1,0.41652343422174454,0.41505011916160583,0.7623851001262665,0.5802886448800564,0.9378237351775169,0.006943009328097105,1.3147763311862946,1.146615982055664,0.5834765657782555,subset_full,2.2595212757587433,1.0
conv_conformer_v1,0.6586907655000687,True,unseen_speaker_unseen_utterance_unseen_channel,2,0.5657407306134701,0.5642931461334229,0.6586835384368896,0.46610235795378685,0.8583285436034203,0.003192027099430561,0.709088884294033,0.8420681357383728,0.4342592693865299,subset_full,1.5196428149938583,1.0
conv_conformer_v1,0.6556985080242157,True,unseen_speaker_unseen_utterance_unseen_channel,3,0.5695918425917625,0.569247841835022,0.655693806707859,0.4530358575284481,0.6581712886691093,0.004716540686786175,0.5226906836032867,0.7229581475257874,0.43040815740823746,subset_full,1.1556793302297592,1.0
conv_conformer_v1,0.6436476483941078,True,unseen_speaker_unseen_utterance_unseen_channel,4,0.5858051925897598,0.5863546133041382,0.6436464264988899,0.44810353219509125,0.5171752497553825,0.0009787221206352115,0.3945808559656143,0.6281559467315674,0.4141948074102402,subset_full,0.8809954449534416,1.0
conv_conformer_v1,0.6431414112448692,True,unseen_speaker_unseen_utterance_unseen_channel,5,0.585910864174366,0.5860071182250977,0.6431397423148155,0.4127897582948208,0.4440353773534298,0.000261945795500651,0.31255367398262024,0.5590649247169495,0.414089135825634,subset_full,0.7577285766601562,1.0
conv_conformer_v1,0.6348303034901619,True,unseen_speaker_unseen_utterance_unseen_channel,6,0.597140334546566,0.5974774360656738,0.6348069831728935,0.40937261283397675,0.38109542801976204,-0.0010047039249911904,0.2608970943838358,0.5107799172401428,0.402859665453434,subset_full,0.6378127038478851,1.0
conv_conformer_v1,0.6212153360247612,True,unseen_speaker_unseen_utterance_unseen_channel,7,0.6132255271077156,0.6141433119773865,0.6212048158049583,0.3987416513264179,0.33645493164658546,-0.0011637660209089518,0.21792959980666637,0.4668278694152832,0.3867744728922844,subset_full,0.5477624796330929,1.0
